{"stats":{"minecraft:killed_by":{"minecraft:skeleton":2,"minecraft:iron_golem":1},"minecraft:crafted":{"minecraft:crafting_table":2,"minecraft:iron_sword":1,"minecraft:furnace":1,"minecraft:stone_axe":1,"minecraft:bread":108,"minecraft:air":0,"minecraft:wooden_hoe":1,"minecraft:iron_axe":1,"minecraft:stick":12,"minecraft:iron_ingot":8,"minecraft:iron_pickaxe":1,"minecraft:chest":4,"minecraft:iron_leggings":1,"minecraft:acacia_planks":60,"minecraft:torch":20,"minecraft:wheat":324},"minecraft:mined":{"minecraft:acacia_leaves":4,"minecraft:crafting_table":1,"blocksyouneed_luna:shale":1,"minecraft:granite":1,"minecraft:acacia_log":15,"minecraft:melon":17,"minecraft:cobblestone":2,"minecraft:diorite":1,"minecraft:hay_block":36,"minecraft:iron_ore":24,"minecraft:grass":15,"minecraft:coal_ore":19,"minecraft:sand":12,"minecraft:acacia_planks":7,"minecraft:stone":30},"minecraft:picked_up":{"minecraft:crafting_table":1,"minecraft:dirt":2,"minecraft:acacia_planks":7,"minecraft:wheat_seeds":1,"minecraft:iron_ingot":3,"minecraft:melon_slice":81,"minecraft:acacia_sapling":1,"minecraft:raw_iron":24,"minecraft:stick":2,"minecraft:acacia_log":15,"minecraft:sand":11,"minecraft:diorite":1,"minecraft:arrow":3,"minecraft:hay_block":36,"alexsmobs:emu_egg":1,"blocksyouneed_luna:shale_chunk":4,"minecraft:coal":19,"minecraft:cobblestone":32},"minecraft:used":{"minecraft:water_bucket":1,"minecraft:chest":4,"minecraft:iron_sword":32,"minecraft:rotten_flesh":14,"minecraft:torch":16,"minecraft:dirt":2,"minecraft:sand":11,"minecraft:crafting_table":3,"minecraft:carrot":5,"minecraft:wooden_hoe":38,"minecraft:iron_axe":20,"minecraft:melon_slice":8,"minecraft:bread":6,"minecraft:iron_pickaxe":78,"minecraft:stone_axe":20,"minecraft:cobblestone":21,"minecraft:furnace":1,"minecraft:bucket":2,"minecraft:acacia_planks":18},"minecraft:custom":{"minecraft:interact_with_furnace":3,"minecraft:mob_kills":4,"minecraft:interact_with_crafting_table":12,"minecraft:leave_game":3,"minecraft:time_since_death":21000,"minecraft:sleep_in_bed":3,"minecraft:time_since_rest":3845,"minecraft:sprint_one_cm":53248,"minecraft:damage_taken":1607,"minecraft:walk_one_cm":38292,"tombstone:sneak_grave":1,"minecraft:damage_dealt":1600,"minecraft:swim_one_cm":1483,"minecraft:fly_one_cm":107554,"minecraft:open_chest":13,"minecraft:crouch_one_cm":8270,"minecraft:play_time":41683,"tombstone:undead_killed":3,"minecraft:deaths":3,"minecraft:sneak_time":4078,"minecraft:walk_under_water_one_cm":5121,"minecraft:jump":679,"minecraft:walk_on_water_one_cm":6123,"minecraft:total_world_time":41683,"minecraft:fall_one_cm":19246},"minecraft:killed":{"minecraft:iron_golem":1,"minecraft:skeleton":2,"minecraft:zombie":1}},"DataVersion":3465}