{"stats":{"minecraft:killed_by":{"minecraft:iron_golem":1,"minecraft:skeleton":2},"minecraft:crafted":{"minecraft:wooden_hoe":1,"minecraft:iron_axe":1,"minecraft:crafting_table":2,"minecraft:stick":12,"minecraft:iron_ingot":8,"minecraft:iron_pickaxe":1,"minecraft:chest":4,"minecraft:iron_sword":1,"minecraft:furnace":1,"minecraft:acacia_planks":60,"minecraft:torch":12,"minecraft:stone_axe":1,"minecraft:air":0},"minecraft:mined":{"minecraft:hay_block":36,"minecraft:acacia_leaves":4,"minecraft:iron_ore":7,"minecraft:crafting_table":1,"blocksyouneed_luna:shale":1,"minecraft:granite":1,"minecraft:grass":14,"minecraft:acacia_log":15,"minecraft:coal_ore":17,"minecraft:melon":13,"minecraft:sand":12,"minecraft:cobblestone":2,"minecraft:acacia_planks":7,"minecraft:stone":18,"minecraft:diorite":1},"minecraft:picked_up":{"minecraft:crafting_table":1,"minecraft:stick":2,"minecraft:raw_iron":7,"minecraft:acacia_log":15,"minecraft:sand":11,"minecraft:diorite":1,"minecraft:arrow":1,"minecraft:acacia_planks":7,"minecraft:hay_block":36,"minecraft:iron_ingot":3,"alexsmobs:emu_egg":1,"blocksyouneed_luna:shale_chunk":4,"minecraft:melon_slice":65,"minecraft:acacia_sapling":1,"minecraft:coal":17,"minecraft:cobblestone":20},"minecraft:used":{"minecraft:wooden_hoe":38,"minecraft:bread":2,"minecraft:melon_slice":4,"minecraft:iron_axe":15,"minecraft:iron_pickaxe":47,"minecraft:chest":4,"minecraft:iron_sword":28,"minecraft:torch":5,"minecraft:rotten_flesh":14,"minecraft:stone_axe":20,"minecraft:sand":11,"minecraft:cobblestone":9,"minecraft:crafting_table":3,"minecraft:furnace":1,"minecraft:carrot":5,"minecraft:acacia_planks":18},"minecraft:custom":{"minecraft:time_since_rest":5500,"minecraft:interact_with_furnace":2,"minecraft:sprint_one_cm":35817,"minecraft:damage_taken":1433,"minecraft:walk_one_cm":24517,"tombstone:sneak_grave":1,"minecraft:mob_kills":3,"minecraft:damage_dealt":1400,"minecraft:interact_with_crafting_table":8,"minecraft:swim_one_cm":1361,"minecraft:fly_one_cm":80295,"minecraft:open_chest":9,"minecraft:play_time":26892,"minecraft:crouch_one_cm":6260,"tombstone:undead_killed":2,"minecraft:deaths":3,"minecraft:sneak_time":3177,"minecraft:walk_under_water_one_cm":2783,"minecraft:jump":470,"minecraft:leave_game":2,"minecraft:time_since_death":6209,"minecraft:walk_on_water_one_cm":1309,"minecraft:sleep_in_bed":1,"minecraft:total_world_time":26892,"minecraft:fall_one_cm":14735},"minecraft:killed":{"minecraft:skeleton":1,"minecraft:zombie":1,"minecraft:iron_golem":1}},"DataVersion":3465}