{"stats":{"minecraft:killed_by":{"minecraft:skeleton":2},"minecraft:crafted":{"minecraft:crafting_table":2,"minecraft:stick":8,"minecraft:iron_ingot":1,"minecraft:iron_pickaxe":1,"minecraft:iron_sword":1,"minecraft:acacia_planks":32,"minecraft:torch":12,"minecraft:stone_axe":1},"minecraft:mined":{"minecraft:acacia_leaves":3,"minecraft:iron_ore":7,"minecraft:crafting_table":1,"blocksyouneed_luna:shale":1,"minecraft:granite":1,"minecraft:acacia_log":8,"minecraft:coal_ore":17,"minecraft:sand":12,"minecraft:cobblestone":2,"minecraft:stone":18,"minecraft:diorite":1},"minecraft:picked_up":{"minecraft:crafting_table":1,"minecraft:raw_iron":7,"minecraft:acacia_log":8,"minecraft:sand":11,"minecraft:diorite":1,"minecraft:arrow":1,"alexsmobs:emu_egg":1,"blocksyouneed_luna:shale_chunk":4,"minecraft:coal":17,"minecraft:cobblestone":20},"minecraft:used":{"minecraft:iron_pickaxe":47,"minecraft:iron_sword":4,"minecraft:rotten_flesh":9,"minecraft:stone_axe":1,"minecraft:torch":5,"minecraft:sand":11,"minecraft:cobblestone":9,"minecraft:crafting_table":2,"minecraft:carrot":5,"minecraft:acacia_planks":11},"minecraft:custom":{"minecraft:time_since_rest":4547,"minecraft:sprint_one_cm":18086,"minecraft:damage_taken":795,"minecraft:walk_one_cm":13176,"tombstone:sneak_grave":1,"minecraft:mob_kills":1,"minecraft:damage_dealt":200,"minecraft:swim_one_cm":1361,"minecraft:interact_with_crafting_table":4,"minecraft:fly_one_cm":43259,"minecraft:open_chest":2,"minecraft:crouch_one_cm":2581,"minecraft:play_time":15762,"tombstone:undead_killed":1,"minecraft:deaths":2,"minecraft:sneak_time":1489,"minecraft:walk_under_water_one_cm":2783,"minecraft:jump":277,"minecraft:leave_game":1,"minecraft:walk_on_water_one_cm":1309,"minecraft:time_since_death":6264,"minecraft:total_world_time":15762,"minecraft:fall_one_cm":8510},"minecraft:killed":{"minecraft:skeleton":1}},"DataVersion":3465}